{"cameraMode":{"drawMode":0,"name":"Shaded","section":"Shading Mode"},"sceneLighting":true,"audioPlay":false,"sceneViewState":{"showFog":true,"showMaterialUpdate":false,"showSkybox":true,"showFlares":true,"showImageEffects":true,"showParticleSystems":true},"in2DMode":false,"pivot":{"x":-6.2523016929626469,"y":-0.36267852783203127,"z":-0.0021457672119140627},"rotation":{"x":0.47026464343070986,"y":0.0026588088367134334,"z":-0.001411083503626287,"w":0.8825203776359558},"size":14.16163444519043,"orthographic":false}